Step,Row_px,Col_px,Elevation_m,Slope_TMC_deg (A*_safety),Slope_LOLA_deg (reference)
0,0,692,-1921.35,78.48,11.49
1,0,694,-1920.05,73.21,10.06
2,0,696,-1920.50,27.33,9.11
3,0,698,-1919.93,67.98,8.64
4,0,700,-1920.85,74.07,10.25
5,0,702,-1923.16,63.59,10.19
6,2,702,-1920.78,61.44,19.06
7,4,702,-1918.71,57.37,25.06
8,6,702,-1915.97,51.00,28.71
9,8,702,-1912.77,49.68,30.24
10,10,702,-1909.90,58.14,30.00
11,12,702,-1907.27,62.91,29.19
12,14,702,-1904.07,61.01,28.14
13,16,702,-1901.09,54.39,28.07
14,18,702,-1898.50,54.27,30.18
15,20,702,-1895.64,47.17,32.79
16,22,702,-1892.32,23.89,32.94
17,24,702,-1889.50,33.18,31.28
18,26,702,-1886.92,38.18,30.71
19,28,702,-1882.89,41.04,30.83
20,30,702,-1879.13,32.62,29.93
21,32,702,-1875.94,37.01,28.25
22,34,702,-1873.45,36.75,28.31
23,36,702,-1870.97,36.74,31.21
24,38,702,-1867.68,45.85,33.68
25,40,702,-1864.29,42.13,33.35
26,42,702,-1861.11,43.28,31.50
27,44,702,-1857.98,51.87,30.69
28,46,702,-1854.58,56.36,30.72
29,48,702,-1851.18,66.18,29.98
30,50,702,-1848.21,71.27,28.91
31,52,702,-1845.66,71.29,29.40
32,54,702,-1842.64,66.13,30.77
33,56,702,-1839.23,60.70,30.11
34,58,702,-1836.53,62.49,27.67
35,60,702,-1834.42,62.76,26.06
36,62,702,-1832.16,45.85,25.94
37,64,702,-1829.89,22.84,26.70
38,66,702,-1827.46,33.40,27.60
39,68,702,-1824.67,42.87,27.56
40,70,702,-1822.13,37.81,26.26
41,72,702,-1820.24,45.99,25.74
42,74,702,-1818.66,48.98,28.68
43,76,702,-1814.77,46.11,32.52
44,78,702,-1811.27,50.55,33.71
45,80,702,-1807.63,51.05,32.69
46,82,702,-1804.17,53.99,30.53
47,84,702,-1801.35,57.91,28.37
48,86,702,-1798.33,57.36,26.54
49,88,702,-1796.03,55.94,24.66
50,90,702,-1793.66,58.12,22.89
51,92,702,-1791.44,58.70,21.66
52,94,702,-1789.72,54.45,21.86
53,96,702,-1788.02,43.27,23.99
54,98,702,-1785.31,11.95,26.76
55,100,702,-1782.58,30.07,28.62
56,102,702,-1779.68,52.80,29.39
57,104,702,-1776.79,63.03,29.42
58,106,702,-1773.92,66.66,29.00
59,108,702,-1771.37,66.76,28.48
60,110,702,-1768.84,60.43,28.07
61,112,702,-1766.46,40.33,28.20
62,114,702,-1763.95,1.22,29.59
63,116,702,-1760.86,34.37,32.09
64,118,702,-1757.55,49.67,35.29
65,120,702,-1753.66,53.38,38.14
66,122,702,-1748.82,51.36,38.35
67,124,702,-1744.33,47.66,34.32
68,126,702,-1740.88,43.54,27.20
69,128,702,-1739.35,43.48,22.52
70,130,702,-1737.53,50.02,23.56
71,132,702,-1735.09,58.45,27.20
72,134,702,-1732.34,62.55,30.70
73,136,702,-1728.94,62.25,33.08
74,138,702,-1724.95,58.30,33.03
75,140,702,-1721.75,46.02,31.23
76,142,702,-1719.48,31.98,30.68
77,144,702,-1716.60,29.76,30.15
78,146,702,-1713.46,32.17,25.62
79,148,702,-1711.82,44.98,19.94
80,150,702,-1711.75,54.09,22.14
81,152,702,-1709.26,59.80,30.27
82,154,702,-1704.67,64.52,35.28
83,156,702,-1700.49,69.25,35.11
84,158,702,-1697.53,73.33,32.34
85,160,702,-1694.60,75.41,29.47
86,162,702,-1691.58,76.42,26.80
87,164,702,-1688.92,76.50,25.66
88,166,702,-1686.37,75.04,27.05
89,168,702,-1683.45,71.61,28.95
90,170,702,-1680.77,65.43,29.87
91,172,702,-1677.83,56.86,30.13
92,174,702,-1674.76,50.56,30.31
93,176,702,-1672.11,49.16,30.61
94,178,702,-1669.28,48.84,30.94
95,180,702,-1666.67,49.07,31.58
96,182,702,-1663.24,55.37,31.73
97,184,702,-1659.97,60.06,30.82
98,186,702,-1656.58,59.62,30.28
99,188,702,-1653.34,58.22,30.97
100,190,702,-1650.11,55.38,31.38
101,192,702,-1646.71,50.88,29.32
102,194,702,-1643.66,46.27,24.26
103,196,702,-1642.48,40.98,19.31
104,198,702,-1641.66,36.14,17.85
105,200,702,-1641.30,36.66,20.36
106,202,702,-1640.24,39.00,27.06
107,204,702,-1635.13,39.87,33.18
108,206,702,-1630.05,41.09,33.47
109,208,702,-1625.84,45.74,29.00
110,210,702,-1624.73,51.83,25.86
111,212,704,-1624.81,48.11,30.29
112,214,704,-1620.82,35.94,30.92
113,216,704,-1617.18,28.54,30.07
114,218,704,-1613.66,25.41,30.48
115,220,704,-1610.31,23.58,32.17
116,222,704,-1607.03,19.57,33.38
117,224,704,-1603.97,24.51,34.16
118,226,704,-1600.77,32.16,34.28
119,228,704,-1597.35,38.70,31.94
120,230,704,-1594.26,45.60,27.87
121,232,704,-1591.78,46.75,26.06
122,234,704,-1589.62,41.72,27.44
123,236,704,-1587.41,35.15,29.93
124,238,704,-1585.37,30.38,32.28
125,240,704,-1582.22,37.44,33.87
126,242,704,-1577.99,33.67,33.84
127,244,704,-1574.17,28.31,31.67
128,246,704,-1571.18,53.10,28.04
129,248,704,-1569.11,47.24,26.74
130,250,704,-1566.45,27.83,29.82
131,252,704,-1562.78,31.15,32.50
132,254,704,-1559.23,30.22,31.92
133,256,704,-1556.06,28.54,29.30
134,258,704,-1553.33,27.66,26.88
135,260,704,-1550.78,30.55,26.09
136,262,704,-1548.23,32.69,26.89
137,264,704,-1545.68,32.47,28.75
138,266,704,-1542.75,35.99,30.46
139,268,704,-1539.52,39.74,30.70
140,270,704,-1536.81,41.52,29.99
141,272,704,-1534.02,40.04,30.00
142,274,704,-1531.59,28.73,31.25
143,276,704,-1528.29,34.55,31.87
144,278,704,-1525.17,38.85,30.12
145,280,704,-1522.55,36.66,27.85
146,282,704,-1520.19,27.21,27.92
147,284,704,-1516.72,12.61,29.42
148,286,704,-1513.63,12.96,30.28
149,288,704,-1510.36,24.22,30.58
150,290,704,-1507.00,24.74,30.72
151,292,704,-1503.95,18.18,30.61
152,294,704,-1501.16,11.57,31.21
153,296,704,-1497.81,18.66,33.01
154,298,704,-1494.53,23.96,33.72
155,300,704,-1491.32,17.60,31.73
156,302,704,-1488.77,17.65,29.07
157,304,704,-1486.22,30.38,28.12
158,306,704,-1483.59,39.78,28.34
159,308,704,-1480.62,29.70,28.27
160,310,704,-1478.07,19.78,27.48
161,312,704,-1475.51,23.97,26.79
162,314,704,-1472.96,16.91,27.32
163,316,704,-1470.28,18.61,30.12
164,318,704,-1466.84,4.64,34.83
165,320,704,-1462.40,15.62,38.68
166,322,704,-1457.81,6.17,39.11
167,324,704,-1453.43,3.47,35.55
168,326,704,-1449.83,34.67,28.98
169,328,706,-1449.84,39.83,25.80
170,330,706,-1448.18,25.02,25.65
171,332,706,-1445.41,3.69,26.62
172,334,706,-1442.46,13.86,25.94
173,336,706,-1439.77,15.04,22.84
174,338,706,-1438.09,6.00,20.06
175,340,708,-1434.36,42.97,27.85
176,342,708,-1430.18,54.32,34.96
177,344,708,-1425.27,59.63,35.68
178,346,708,-1422.56,56.19,31.46
179,348,708,-1420.39,45.89,27.84
180,350,708,-1418.04,31.96,28.39
181,352,708,-1415.36,17.07,32.30
182,354,708,-1412.02,14.51,35.27
183,356,708,-1408.42,29.70,35.41
184,358,708,-1405.06,41.70,35.71
185,360,708,-1401.00,41.95,36.45
186,362,708,-1396.75,31.33,35.22
187,364,708,-1393.25,14.37,32.63
188,366,708,-1390.15,13.53,30.94
189,368,708,-1387.33,24.95,30.78
190,370,708,-1384.33,18.73,30.87
191,372,708,-1381.27,29.26,30.18
192,374,708,-1378.37,37.92,29.07
193,376,708,-1375.34,32.18,27.76
194,378,708,-1372.73,23.19,26.54
195,380,708,-1370.46,7.71,26.51
196,382,708,-1367.93,15.82,27.76
197,384,708,-1365.38,9.98,29.24
198,386,708,-1362.33,19.03,29.72
199,388,708,-1359.77,27.81,28.78
200,390,708,-1357.22,19.68,27.19
201,392,708,-1354.70,7.97,25.77
202,394,708,-1352.68,6.50,25.07
203,396,708,-1350.87,17.60,26.42
204,398,708,-1348.22,18.59,30.58
205,400,708,-1344.61,14.00,35.70
206,402,708,-1340.14,24.54,38.86
207,404,708,-1335.43,18.30,38.43
208,406,708,-1331.72,15.77,35.93
209,408,708,-1328.23,9.34,33.93
210,410,708,-1324.73,14.84,32.67
211,412,708,-1321.45,8.97,31.32
212,414,708,-1318.38,27.38,29.26
213,416,708,-1316.20,38.80,26.82
214,418,708,-1314.10,45.17,25.09
215,420,708,-1311.92,49.29,24.65
216,422,708,-1309.81,51.42,26.30
217,424,708,-1307.14,52.87,29.42
218,426,708,-1303.69,54.67,31.37
219,428,708,-1300.12,54.10,31.51
220,430,708,-1296.55,48.34,30.63
221,432,708,-1293.39,38.49,28.53
222,434,708,-1290.97,29.82,26.34
223,436,708,-1289.48,19.76,27.16
224,438,708,-1287.19,20.77,30.85
225,440,708,-1283.36,18.63,31.93
226,442,708,-1280.30,11.33,28.66
227,444,708,-1278.35,15.65,25.70
228,446,708,-1276.90,18.05,27.25
229,448,708,-1274.74,18.38,31.96
230,450,708,-1270.33,24.55,35.63
231,452,708,-1264.53,24.17,35.79
232,454,708,-1259.08,23.37,32.60
233,456,708,-1256.29,27.47,30.77
234,458,710,-1256.80,28.65,35.29
235,460,710,-1251.62,13.60,38.23
236,462,710,-1246.31,15.02,37.67
237,464,710,-1241.39,19.75,33.45
238,466,710,-1240.37,5.80,29.14
239,468,710,-1238.50,9.91,27.99
240,470,710,-1235.69,22.20,28.71
241,472,710,-1232.78,23.99,30.23
242,474,710,-1229.87,11.73,30.93
243,476,710,-1227.29,5.61,29.89
244,478,710,-1225.21,11.91,29.99
245,480,710,-1223.16,18.04,33.27
246,482,710,-1217.88,14.84,35.79
247,484,710,-1212.12,15.69,33.53
248,486,710,-1206.99,16.27,27.50
249,488,710,-1206.40,16.10,25.20
250,490,710,-1204.70,14.09,29.84
251,492,710,-1201.34,25.01,35.45
252,494,710,-1196.98,25.93,37.55
253,496,710,-1192.49,15.96,34.77
254,498,708,-1193.34,16.33,34.68
255,500,708,-1189.07,40.00,32.49
256,502,708,-1185.81,28.85,31.21
257,504,708,-1182.77,28.09,30.75
258,506,708,-1180.62,31.53,32.07
259,508,708,-1178.21,24.04,36.98
260,510,708,-1174.14,19.13,41.90
261,512,708,-1167.86,11.33,41.31
262,514,708,-1163.03,4.86,34.62
263,516,708,-1160.44,7.69,26.90
264,518,708,-1158.51,18.32,23.37
265,520,708,-1156.47,26.13,23.97
266,522,708,-1153.64,21.48,26.50
267,524,708,-1150.63,12.09,29.41
268,526,708,-1147.96,19.11,32.09
269,528,708,-1144.93,19.20,33.91
270,530,708,-1141.07,18.73,31.55
271,532,708,-1138.64,23.91,25.63
272,534,710,-1136.80,8.54,30.67
273,536,710,-1132.61,23.94,32.40
274,538,710,-1129.10,27.47,28.88
275,540,710,-1126.89,25.54,26.69
276,542,710,-1124.33,35.89,31.10
277,544,710,-1120.74,44.41,37.33
278,546,710,-1116.39,46.48,41.29
279,548,710,-1111.23,46.03,41.67
280,550,710,-1106.94,45.43,38.69
281,552,710,-1103.21,45.58,34.83
282,554,710,-1099.96,47.90,32.61
283,556,710,-1096.79,54.82,31.06
284,558,710,-1093.58,59.01,28.16
285,560,710,-1092.22,56.92,26.37
286,562,710,-1089.74,52.60,26.46
287,564,710,-1087.00,49.62,24.10
288,566,710,-1084.60,49.11,19.20
289,568,710,-1084.70,48.14,18.02
290,570,710,-1082.92,44.65,23.33
291,572,708,-1079.59,38.89,33.05
292,574,708,-1075.00,43.38,38.33
293,576,708,-1069.73,44.35,38.66
294,578,708,-1065.49,43.51,32.58
295,580,708,-1067.82,43.66,27.67
296,582,708,-1063.32,43.49,30.84
297,584,708,-1057.90,38.39,34.59
298,586,708,-1052.62,30.34,34.09
299,588,708,-1049.52,16.77,31.18
300,590,708,-1047.03,13.70,28.55
301,592,708,-1045.02,7.97,27.08
302,594,708,-1042.77,9.07,27.78
303,596,708,-1042.22,6.14,32.51
304,598,708,-1037.59,13.86,37.71
305,600,708,-1032.58,3.37,39.00
306,602,708,-1028.45,4.72,37.16
307,604,708,-1024.76,10.11,33.52
308,606,708,-1021.83,12.30,28.78
309,608,708,-1019.34,9.06,24.86
310,610,708,-1017.02,2.72,23.21
311,612,708,-1014.84,2.75,23.48
312,614,708,-1012.73,5.30,24.34
313,616,708,-1010.45,8.23,25.24
314,618,708,-1008.02,17.72,27.71
315,620,708,-1004.98,20.82,31.60
316,622,708,-1001.34,12.03,33.63
317,624,708,-998.15,12.13,32.32
318,626,708,-995.52,3.79,29.93
319,628,708,-993.07,13.39,30.28
320,630,710,-988.25,23.56,33.52
321,632,712,-978.87,15.64,25.97
322,634,714,-980.67,27.04,14.89
323,636,716,-977.43,11.98,14.92
324,638,716,-976.11,18.09,22.40
325,640,716,-973.96,21.04,29.32
326,642,716,-971.41,19.97,31.69
327,644,716,-968.53,17.20,32.57
328,646,716,-965.15,12.89,35.32
329,648,718,-958.04,6.01,34.50
330,650,718,-954.15,5.08,33.62
331,652,720,-954.35,26.75,30.48
332,654,720,-950.13,26.81,32.03
333,656,720,-946.28,25.46,27.71
334,658,720,-943.63,27.41,20.21
335,660,720,-942.09,26.15,17.78
336,662,722,-942.94,9.81,28.19
337,664,724,-937.50,35.53,32.63
338,666,726,-930.56,25.37,27.55
339,668,726,-927.55,4.15,30.96
340,670,728,-928.60,28.65,33.70
341,672,728,-924.22,42.48,34.49
342,674,728,-920.61,43.54,34.72
343,676,728,-916.54,41.57,34.82
344,678,728,-912.75,40.24,32.67
345,680,728,-909.72,31.52,28.12
346,682,728,-907.66,10.69,25.44
347,684,728,-905.28,15.29,28.37
348,686,728,-902.11,18.08,34.20
349,688,728,-898.35,1.59,37.62
350,690,730,-891.62,25.29,30.76
351,692,730,-891.04,21.67,25.66
352,694,730,-890.00,27.44,28.14
353,696,732,-884.77,23.29,39.11
354,698,732,-879.35,26.43,40.83
355,700,732,-875.29,27.05,39.50
356,702,732,-871.72,30.39,37.27
357,704,732,-868.15,26.50,34.34
358,706,732,-864.87,22.57,30.93
359,708,732,-862.32,30.43,28.60
360,710,732,-859.81,28.81,27.62
361,712,732,-857.39,25.93,26.70
362,714,732,-855.11,32.38,24.89
363,716,732,-853.07,35.60,22.96
364,718,732,-851.03,32.02,23.93
365,720,732,-848.71,19.92,29.36
366,722,732,-844.98,4.35,34.77
367,724,732,-840.19,10.16,35.25
368,726,732,-836.73,12.94,32.69
369,728,732,-834.50,9.21,33.89
370,730,732,-831.17,19.50,39.03
371,732,732,-826.69,14.83,41.57
372,734,732,-822.24,17.43,39.45
373,736,732,-818.36,21.93,36.18
374,738,732,-815.11,24.35,34.28
375,740,732,-811.96,15.34,32.42
376,742,732,-808.86,18.41,29.44
377,744,732,-806.14,28.33,26.40
378,746,732,-803.86,36.81,24.63
379,748,732,-801.78,40.12,23.68
380,750,730,-796.97,16.39,20.39
381,752,728,-793.85,18.20,14.10
382,754,728,-794.97,4.64,16.68
383,756,728,-794.52,27.73,25.60
384,758,728,-789.69,34.82,31.76
385,760,728,-787.01,12.94,32.57
386,762,728,-784.33,29.18,31.31
387,764,728,-781.30,30.54,30.44
388,766,728,-778.24,20.50,30.74
389,768,728,-774.50,13.25,30.56
390,770,728,-771.39,2.99,29.31
391,772,728,-769.04,4.17,29.08
392,774,728,-766.21,10.14,30.89
393,776,728,-762.91,21.00,33.32
394,778,728,-759.12,21.06,34.78
395,780,728,-755.53,17.80,34.03
396,782,728,-751.67,20.65,30.65
397,784,728,-747.74,28.38,25.97
398,786,728,-744.37,37.78,22.28
399,788,726,-747.36,18.45,27.60
400,790,726,-744.19,36.33,35.66
401,792,726,-738.20,18.70,39.03
402,794,726,-732.62,24.64,35.55
403,796,726,-727.79,25.01,28.17
404,798,726,-726.06,16.30,23.81
405,800,726,-725.55,36.09,26.63
406,802,726,-723.47,31.97,32.55
407,804,726,-720.44,15.44,38.10
408,806,726,-716.29,11.59,41.19
409,808,726,-711.19,21.15,39.27
410,810,726,-706.94,24.58,34.10
411,812,726,-703.44,15.23,31.43
412,814,726,-700.42,17.84,32.05
413,816,726,-697.65,43.81,33.35
414,818,726,-694.48,45.96,33.64
415,820,726,-691.18,33.82,32.02
416,822,726,-688.12,31.67,28.82
417,824,726,-685.69,36.32,25.81
418,826,726,-683.78,32.83,25.13
419,828,726,-681.95,19.42,26.97
420,830,726,-679.30,1.53,29.61
421,832,726,-675.85,19.84,31.02
422,834,726,-672.59,30.94,30.73
423,836,726,-669.70,30.48,30.12
424,838,726,-666.74,31.40,30.42
425,840,726,-663.67,27.74,31.03
426,842,726,-660.45,38.19,30.90
427,844,726,-657.49,44.45,29.98
428,846,726,-654.69,37.40,28.75
429,848,726,-652.08,20.90,27.59
430,850,726,-649.89,16.35,27.75
431,852,726,-646.85,21.47,29.38
432,854,726,-643.52,29.22,30.60
433,856,726,-640.21,27.82,30.45
434,858,726,-637.32,22.92,29.15
435,860,726,-634.53,24.05,27.69
436,862,726,-631.95,21.87,27.27
437,864,726,-629.40,13.07,28.01
438,866,726,-626.59,3.13,29.20
439,868,726,-623.54,15.61,29.97
440,870,726,-620.48,13.39,29.59
441,872,726,-617.92,16.89,28.93
442,874,726,-615.37,27.58,28.87
443,876,726,-612.80,26.11,28.20
444,878,726,-610.04,32.91,25.26
445,880,726,-608.15,19.89,19.42
446,882,726,-607.86,8.46,14.21
447,884,728,-606.12,18.52,24.04
448,886,728,-603.63,28.80,32.16
449,888,728,-599.97,18.53,37.43
450,890,730,-592.04,34.55,34.88
451,892,732,-593.94,43.17,27.78
452,894,734,-591.59,48.54,27.20
453,896,736,-586.45,22.76,23.99
454,898,736,-585.78,36.67,23.99
455,900,736,-584.18,28.14,31.37
456,902,736,-580.05,17.35,38.04
457,904,738,-575.60,13.27,35.84
458,906,740,-572.41,34.34,29.94
459,908,740,-568.89,44.34,30.16
460,910,740,-567.09,55.64,27.96
461,912,742,-564.49,60.22,29.63
462,914,744,-560.42,49.62,31.24
463,916,746,-555.93,42.01,31.12
464,918,748,-553.01,57.59,29.08
465,920,750,-548.41,66.82,27.94
466,922,752,-542.47,37.08,28.70
467,924,754,-538.94,25.06,28.91
468,926,756,-536.06,41.43,28.51
469,928,756,-533.51,30.66,28.79
470,930,756,-530.65,33.05,29.96
471,932,756,-527.87,38.86,31.37
472,934,756,-524.97,40.45,33.01
473,936,758,-521.09,36.46,29.84
474,938,758,-517.60,26.92,24.95
475,940,758,-515.91,27.23,24.06
476,942,758,-514.02,42.95,30.26
477,944,758,-510.85,47.67,37.93
478,946,760,-501.07,45.53,37.46
479,948,760,-498.04,41.23,30.31
480,950,760,-496.33,36.07,28.56
481,952,760,-492.24,35.45,32.55
482,954,760,-489.71,40.65,34.59
483,956,760,-487.17,34.12,32.29
484,958,760,-485.11,34.71,29.41
485,960,760,-482.68,30.03,30.66
486,962,760,-478.79,19.48,35.08
487,962,758,-479.23,46.25,35.29
488,962,756,-480.71,33.15,32.96
489,962,754,-481.77,37.54,30.36
490,964,752,-479.72,58.27,24.75
491,964,750,-479.37,62.68,24.98
492,964,748,-477.87,52.15,30.11
493,964,746,-480.01,48.86,34.35
494,964,744,-482.79,59.25,34.74
495,966,742,-480.15,63.80,33.52
496,966,740,-480.98,67.06,35.94
497,966,738,-480.60,66.13,37.22
498,968,736,-473.01,70.61,32.30
499,970,734,-471.05,79.60,33.09
500,970,732,-473.85,81.04,34.25
501,972,730,-470.64,58.29,33.54
502,974,728,-466.60,71.50,33.16
503,974,726,-465.01,64.80,33.50
504,976,724,-465.89,57.86,30.63
505,976,722,-466.19,48.92,33.80
506,976,720,-466.18,30.23,37.54
507,976,718,-464.64,39.93,40.71
508,976,716,-464.99,29.44,41.18
509,976,714,-464.63,37.20,39.30
510,976,712,-464.63,32.81,37.06
511,976,710,-464.18,22.12,35.04
512,976,708,-463.98,12.02,32.88
513,976,706,-460.78,33.02,29.77
514,976,704,-457.28,44.63,27.39
515,976,702,-458.41,47.06,32.55
516,976,700,-459.45,41.82,38.62
517,976,698,-457.83,35.73,39.73
518,976,696,-453.41,37.24,35.85
519,976,694,-456.83,58.03,30.42
520,976,692,-458.21,57.18,28.44
521,976,690,-456.09,54.10,31.48
522,976,688,-455.68,42.68,34.46
523,976,686,-455.68,12.77,35.72
524,976,684,-454.65,14.35,36.05
525,976,682,-452.84,24.35,35.58
526,976,680,-453.93,34.41,34.24
527,976,678,-455.67,29.11,30.99
528,976,676,-455.90,13.12,28.62
529,976,674,-453.26,19.79,30.12
530,976,672,-451.08,13.26,32.84
531,976,670,-449.07,16.99,33.86
532,976,668,-448.19,32.74,32.25
533,976,666,-448.44,48.94,29.67
534,976,664,-447.57,47.30,28.59
535,976,662,-446.00,9.06,29.35
536,976,660,-444.90,29.57,30.03
537,976,658,-443.08,11.20,29.39
538,976,656,-444.90,26.88,28.94
539,976,654,-446.71,26.41,28.99
540,976,652,-445.75,28.10,28.84
541,976,650,-445.26,34.46,30.02
542,976,648,-444.59,51.76,32.26
543,976,646,-443.68,62.89,32.60
544,976,644,-443.96,58.75,31.71
545,976,642,-444.98,14.29,32.08
546,976,640,-445.28,38.11,33.60
547,976,638,-445.83,24.39,35.38
548,978,636,-439.70,29.65,35.47
549,980,634,-436.56,32.06,30.09
550,980,632,-439.10,45.45,28.97
551,982,630,-435.45,56.44,33.25
552,984,628,-431.19,39.76,35.02
553,984,626,-431.61,33.69,33.74
554,984,624,-431.76,43.95,29.61
555,984,622,-428.95,39.52,25.01
556,984,620,-431.47,28.43,23.72
557,984,618,-431.68,16.89,24.46
558,986,616,-430.85,24.93,24.26
559,988,614,-426.21,18.41,28.79
560,990,612,-422.47,22.17,31.38
561,992,610,-418.65,26.31,29.36
562,994,608,-412.74,21.25,27.27
563,996,606,-412.67,21.19,31.23
564,998,604,-408.31,39.48,34.77
565,1000,602,-403.03,29.95,30.37
566,1000,600,-403.81,16.41,30.75
567,1002,598,-399.49,16.47,31.57
568,1004,596,-395.45,24.45,33.67
569,1004,594,-394.21,22.24,34.37
570,1006,592,-390.76,32.33,32.85
571,1008,590,-387.24,27.24,32.24
572,1010,588,-382.06,17.66,33.18
573,1010,586,-379.09,14.55,35.19
574,1010,584,-379.49,28.21,34.29
575,1010,582,-381.08,35.19,32.78
576,1012,580,-376.91,28.18,30.40
577,1012,578,-375.33,57.39,30.05
578,1014,576,-372.29,36.83,29.07
579,1016,574,-368.54,7.04,30.84
580,1018,572,-363.14,26.17,28.74
581,1020,570,-358.71,20.38,27.27
582,1022,568,-354.06,32.32,27.33
583,1024,566,-354.23,53.32,31.17
584,1026,564,-348.25,59.06,35.64
585,1028,562,-346.16,53.70,32.46
586,1028,560,-341.41,31.23,33.25
587,1028,558,-341.86,21.83,31.54
588,1030,556,-339.72,30.10,25.98
589,1030,554,-337.50,11.86,26.26
590,1030,552,-335.98,39.64,27.53
591,1030,550,-335.01,9.97,28.17
592,1030,548,-335.38,44.66,27.27
593,1030,546,-333.54,45.34,28.31
594,1030,544,-331.17,4.27,31.67
595,1030,542,-329.27,10.09,32.75
596,1030,540,-325.74,23.55,30.36
597,1030,538,-325.87,40.80,28.20
598,1028,536,-328.15,43.07,29.11
599,1026,534,-328.52,44.00,30.36
600,1024,532,-329.86,57.66,31.70
601,1022,530,-332.56,46.61,34.88
602,1022,528,-332.97,9.39,35.68
603,1022,526,-333.40,23.87,35.73
604,1022,524,-331.51,25.74,35.83
605,1022,522,-331.73,43.95,36.18
606,1022,520,-330.77,47.03,35.84
607,1022,518,-329.31,29.67,34.55
608,1022,516,-327.90,24.05,33.29
609,1022,514,-325.91,37.73,32.35
610,1022,512,-324.36,45.11,31.55
611,1022,510,-323.40,44.66,30.95
612,1022,508,-321.41,43.63,30.10
613,1020,506,-324.30,34.05,33.43
614,1020,504,-325.86,50.59,31.51
615,1020,502,-326.32,17.84,29.28
616,1020,500,-325.67,61.69,27.30
617,1020,498,-324.73,43.17,26.39
618,1020,496,-324.86,12.93,27.89
619,1020,494,-325.48,45.64,29.63
620,1020,492,-325.59,43.33,29.07
621,1020,490,-324.26,11.57,26.94
622,1020,488,-323.41,28.69,25.98
623,1020,486,-322.40,40.67,27.60
624,1020,484,-321.35,22.33,29.42
625,1020,482,-319.77,4.61,29.17
626,1020,480,-317.82,39.60,28.57
627,1020,478,-315.81,29.56,31.85
628,1018,476,-317.78,47.74,36.10
629,1018,474,-312.65,50.23,36.93
630,1018,472,-310.22,43.17,33.23
631,1018,470,-308.33,37.27,28.06
632,1018,468,-303.97,36.80,25.37
633,1016,466,-305.51,27.13,30.39
634,1014,464,-308.29,39.32,29.24
635,1012,462,-310.81,9.73,27.31
636,1010,460,-312.26,18.93,26.27
637,1010,458,-310.85,40.41,25.55
638,1010,456,-308.58,22.49,27.53
639,1010,454,-305.97,28.87,31.00
640,1010,452,-302.73,59.89,33.89
641,1010,450,-299.30,13.25,34.46
642,1010,448,-300.62,60.07,32.20
643,1010,446,-303.36,25.52,28.05
644,1012,444,-295.95,27.80,24.30
645,1012,442,-296.53,60.91,19.10
646,1012,440,-295.45,57.24,19.30
647,1012,438,-295.13,37.70,28.29
648,1012,436,-296.27,29.08,38.71
649,1014,434,-289.69,22.71,44.64
650,1014,432,-290.25,27.14,45.95
651,1014,430,-286.50,40.85,42.34
652,1014,428,-280.06,46.74,34.05
653,1014,426,-285.61,59.51,28.17
654,1014,424,-284.19,69.52,25.30
655,1014,422,-282.56,57.15,25.22
656,1012,420,-280.94,77.18,32.29
657,1012,418,-281.19,72.96,33.58
658,1012,416,-282.35,56.99,35.69
659,1012,414,-280.92,50.60,33.63
660,1012,412,-280.28,57.58,27.20
661,1012,410,-278.52,30.77,24.28
662,1012,408,-276.76,51.83,25.98
663,1012,406,-274.78,66.22,29.35
664,1012,404,-270.61,63.45,30.93
665,1012,402,-269.39,43.89,33.03
666,1012,400,-272.45,42.65,37.27
667,1012,398,-271.89,40.12,38.62
668,1012,396,-273.59,44.54,36.70
669,1012,394,-263.08,52.02,32.88
670,1012,392,-259.01,59.86,24.24
671,1014,390,-258.76,74.50,14.53
672,1014,388,-258.08,66.24,22.99
673,1014,386,-261.64,44.53,30.91
674,1014,384,-258.48,33.70,36.29
675,1014,382,-251.56,23.17,35.21
676,1014,380,-254.50,46.54,33.36
677,1014,378,-252.49,59.77,33.47
678,1014,376,-250.91,54.05,35.04
679,1016,374,-240.92,48.47,36.95
680,1016,372,-241.09,27.42,31.25
681,1016,370,-240.55,21.77,28.42
682,1016,368,-239.09,49.03,28.58
683,1016,366,-237.21,64.81,29.29
684,1016,364,-234.88,66.40,30.74
685,1016,362,-235.34,59.87,32.01
686,1016,360,-235.53,44.73,30.67
687,1016,358,-230.99,21.18,28.02
688,1016,356,-231.14,61.28,28.42
689,1016,354,-228.84,64.92,32.22
690,1016,352,-228.16,32.50,36.06
691,1016,350,-225.73,48.79,40.88
692,1016,348,-219.74,18.22,43.96
693,1018,346,-212.82,33.65,38.95
694,1018,344,-210.99,53.53,34.68
695,1018,342,-208.18,43.81,31.26
696,1018,340,-208.39,22.33,30.60
697,1018,338,-207.98,46.49,32.28
698,1018,336,-204.55,44.96,34.92
699,1018,334,-201.48,56.24,34.73
700,1018,332,-198.88,77.23,32.32
701,1016,330,-199.48,75.09,31.04
702,1016,328,-198.95,74.22,29.18
703,1016,326,-200.00,74.62,28.66
704,1016,324,-198.38,11.89,31.02
705,1016,322,-192.38,4.35,32.78
706,1016,320,-189.67,47.18,31.42
707,1016,318,-186.86,44.49,28.84
708,1014,316,-187.79,33.87,27.75
709,1012,314,-190.39,29.64,27.24
710,1012,312,-191.03,42.53,25.14
711,1012,310,-189.79,6.03,25.80
712,1012,308,-187.27,47.25,27.49
713,1010,306,-188.32,57.89,29.76
714,1008,304,-190.28,29.20,28.51
715,1008,302,-187.66,34.56,26.66
716,1006,300,-185.98,41.91,29.25
717,1004,298,-184.46,50.64,32.49
718,1002,296,-187.74,35.14,33.99
719,1002,294,-186.03,20.46,30.56
720,1002,292,-182.46,30.96,28.44
721,1000,290,-183.32,14.54,32.96
722,998,288,-185.85,31.49,37.03
723,996,286,-190.41,53.38,35.24
724,994,284,-190.46,52.06,32.06
725,994,282,-187.50,40.70,31.50
726,992,280,-188.76,62.96,31.46
727,990,278,-189.96,6.95,32.57
728,990,276,-191.12,33.77,30.19
729,990,274,-190.79,58.41,28.18
730,990,272,-189.71,48.87,27.47
731,990,270,-187.82,8.70,27.03
732,990,268,-184.92,15.33,25.94
733,990,266,-182.15,37.96,24.37
734,990,264,-180.62,42.18,24.74
735,990,262,-178.35,47.19,27.38
736,990,260,-176.37,44.05,31.59
737,990,258,-171.32,30.91,33.77
738,988,256,-169.38,42.60,33.36
739,988,254,-162.73,38.10,29.02
740,986,252,-167.91,25.55,29.05
741,984,250,-166.83,42.20,22.89
742,982,248,-169.47,35.12,24.80
743,982,246,-166.08,27.36,30.07
744,980,244,-168.82,21.65,33.07
745,978,242,-172.96,31.50,29.31
746,978,240,-170.93,25.72,28.10
747,976,238,-166.90,69.58,33.67
748,976,236,-163.07,65.39,31.19
749,976,234,-160.89,10.93,27.93
750,974,232,-161.91,47.64,32.12
751,974,230,-166.45,24.22,28.90
752,974,228,-168.12,21.03,24.54
753,974,226,-164.31,35.45,25.85
754,974,224,-159.68,32.36,27.05
755,974,222,-154.37,17.21,26.25
756,974,220,-154.10,27.88,27.37
757,974,218,-155.30,54.60,31.15
758,974,216,-152.74,60.94,33.74
759,974,214,-151.24,49.40,31.11
760,974,212,-148.98,40.28,27.89
761,974,210,-142.85,49.85,27.28
762,974,208,-138.15,51.16,25.73
763,974,206,-132.61,36.37,22.63
764,974,204,-132.50,25.08,22.02
765,974,202,-134.08,14.86,23.99
766,974,200,-133.30,31.10,28.35
767,974,198,-130.38,25.03,34.64
768,974,196,-126.10,22.94,40.21
769,974,194,-122.68,37.46,43.63
770,974,192,-124.36,29.28,43.12
771,974,190,-117.83,46.99,36.66
772,972,188,-107.00,40.11,36.49
773,972,186,-108.48,46.87,34.23
774,972,184,-107.30,37.87,39.03
775,972,182,-104.36,30.20,43.77
776,972,180,-104.27,15.24,45.16
777,972,178,-104.02,20.05,42.37
778,972,176,-104.83,44.77,36.86
779,972,174,-98.67,54.09,30.85
780,972,172,-93.74,49.85,23.80
781,972,170,-93.90,27.52,23.93
782,972,168,-92.32,22.55,29.47
783,972,166,-90.11,26.52,31.76
784,972,164,-84.99,22.07,30.46
785,972,162,-84.16,28.08,30.06
786,972,160,-82.78,39.08,32.22
787,972,158,-75.12,34.53,32.00
788,972,156,-74.11,20.70,30.19
789,972,154,-69.91,35.84,31.15
790,972,152,-64.69,25.42,34.06
791,972,150,-61.92,45.30,36.38
792,972,148,-57.42,52.82,35.59
793,972,146,-56.46,39.77,34.80
794,972,144,-61.69,61.07,33.95
795,972,142,-57.56,48.89,33.23
796,972,140,-54.99,30.92,34.15
797,972,138,-48.17,19.20,32.45
798,972,136,-46.15,50.71,28.15
799,972,134,-42.36,68.36,26.71
800,972,132,-41.05,60.15,28.22
801,972,130,-40.85,15.55,30.15
802,972,128,-40.42,49.09,31.54
803,972,126,-34.81,47.30,30.49
804,970,124,-27.22,57.99,30.69
805,968,122,-31.06,41.76,32.77
806,966,120,-29.65,43.12,29.39
807,964,118,-33.03,53.51,27.22
808,962,116,-30.13,3.93,28.27
809,960,114,-31.53,34.30,33.40
810,958,112,-33.71,38.67,32.19
811,956,110,-30.49,54.23,31.57
812,954,108,-32.26,50.89,33.25
813,954,106,-23.05,36.49,37.09
814,952,104,-28.86,36.88,30.25
815,952,102,-26.54,13.53,27.47
816,950,100,-21.95,32.99,25.64
817,948,98,-29.71,14.35,24.59
818,946,96,-30.43,41.75,13.39
819,944,94,-26.14,37.40,20.49
820,942,92,-26.74,17.43,30.72
821,940,90,-28.67,19.37,33.96
822,938,88,-29.73,52.62,32.05
823,936,86,-31.85,25.60,28.58
824,934,84,-32.50,17.61,28.77
825,932,82,-29.60,15.01,27.95
826,930,80,-24.09,12.04,28.55
827,928,78,-29.74,45.74,28.18
828,926,76,-29.77,53.72,14.94
829,926,74,-28.25,26.44,17.90
830,926,72,-29.93,20.34,27.76
831,926,70,-19.69,14.22,30.41
832,926,68,-16.89,21.23,27.52
833,924,66,-24.16,29.26,32.37
834,924,64,-21.06,32.90,31.35
835,924,62,-20.02,33.67,31.92
836,924,60,-16.39,39.56,33.44
837,924,58,-17.69,32.78,34.94
838,924,56,-13.39,29.83,38.00
839,924,54,-5.61,33.21,38.80
840,922,52,-6.04,41.34,42.34
841,920,50,-6.24,22.96,38.01
842,920,48,-4.89,63.42,30.75
843,920,46,1.37,60.37,24.08
844,920,44,1.06,34.21,21.12
845,920,42,2.28,25.03,24.62
846,920,40,4.96,37.29,30.98
847,920,38,8.90,37.90,34.70
848,918,36,8.31,20.66,32.15
849,918,34,11.71,17.57,30.24
850,918,32,13.98,10.58,30.77
851,918,30,17.12,2.62,33.04
852,918,28,18.89,7.95,33.79
853,916,26,18.06,11.03,34.67
854,916,24,22.59,27.08,35.23
855,914,22,22.09,33.10,33.47
856,912,20,23.45,12.88,33.06
857,910,18,23.34,17.35,34.44
858,910,16,26.60,22.82,34.28
859,910,14,31.13,21.89,29.52
860,908,12,31.49,31.84,29.35
861,906,10,33.58,51.39,39.08
862,904,8,28.16,53.04,42.71
863,902,6,30.18,57.56,38.27
864,900,4,30.21,65.20,35.26
865,898,2,28.17,29.06,33.31
866,896,2,24.36,21.26,31.80
867,894,2,21.41,16.58,29.32
868,892,2,19.10,34.51,29.44
869,890,2,16.87,42.00,33.28
870,888,0,19.46,24.77,30.68
871,886,0,16.90,14.56,31.51
872,884,0,14.78,2.45,34.35
873,882,0,10.98,11.97,41.12
874,880,0,5.55,18.93,44.61
875,878,0,-0.53,21.43,41.66
876,876,0,-5.71,26.58,32.77
877,874,0,-7.93,30.06,23.88
878,872,2,-11.89,16.53,16.91
879,870,4,-12.74,26.14,14.73
880,868,4,-13.69,22.90,18.10
881,866,4,-15.03,23.08,27.47
882,864,4,-18.64,16.92,32.69
883,862,4,-25.49,10.58,27.92
884,860,4,-26.95,14.90,21.14
885,858,4,-27.62,13.92,21.05
886,856,4,-28.79,24.93,24.67
887,854,4,-31.51,31.21,27.97
888,852,2,-34.98,9.09,27.51
889,850,0,-37.42,33.24,26.52
890,848,0,-39.58,30.48,27.31
891,846,0,-42.13,28.18,27.85
892,844,0,-44.41,29.01,27.21
893,842,0,-45.94,27.40,25.47
894,840,0,-47.00,17.05,22.96
895,838,0,-47.67,34.78,21.16
896,836,0,-49.53,46.74,22.67
897,834,0,-52.01,39.53,26.44
898,832,0,-55.49,20.00,26.98
899,830,0,-57.00,22.34,23.53
900,828,0,-58.10,29.00,20.38
901,826,0,-60.42,39.46,20.32
902,824,0,-61.98,47.86,25.43
903,822,0,-65.75,47.83,31.93
904,820,0,-71.87,42.90,30.10
905,818,0,-74.50,35.97,21.12
906,816,0,-74.50,26.85,18.62
907,814,0,-75.37,19.38,26.52
908,812,0,-78.72,15.39,35.36
909,810,0,-83.93,24.09,38.78
910,808,0,-89.23,34.60,36.94
911,806,0,-92.66,39.94,33.38
912,804,0,-94.87,30.30,31.95
913,802,0,-97.97,21.48,31.80
914,800,0,-101.55,25.62,30.69
915,798,0,-104.75,30.45,29.46
916,796,0,-107.81,24.60,29.32
917,794,0,-110.87,24.14,29.80
918,792,0,-113.93,14.94,30.22
919,790,0,-116.99,9.59,30.29
920,788,0,-120.06,4.64,28.98
921,786,0,-123.12,5.82,25.71
922,784,0,-124.39,12.02,22.59
923,782,0,-125.87,21.41,22.06
924,780,0,-127.40,20.52,23.78
925,778,0,-129.41,5.49,26.16
926,776,0,-131.94,11.86,28.32
927,774,0,-134.49,6.89,30.70
928,772,0,-138.07,17.63,32.40
929,770,0,-142.13,31.03,32.02
930,768,0,-145.65,26.14,30.30
931,766,0,-148.24,11.50,29.07
932,764,0,-151.25,17.71,28.48
933,762,0,-153.74,27.51,28.14
934,760,0,-155.92,29.16,28.43
935,758,0,-158.91,27.64,29.06
936,756,0,-161.55,24.50,29.45
937,754,0,-164.61,12.66,29.39
938,752,0,-167.56,9.51,29.05
939,750,0,-170.23,27.27,28.80
940,748,0,-173.16,44.37,28.44
941,746,0,-175.72,46.34,27.89
942,744,0,-178.42,32.26,27.20
943,742,0,-181.32,24.75,25.70
944,740,0,-183.52,25.69,24.17
945,738,0,-185.24,42.47,25.36
946,736,0,-187.28,42.75,28.85
947,734,0,-189.73,18.99,30.68
948,732,0,-192.58,10.31,29.53
949,730,0,-195.13,14.13,28.52
950,728,0,-197.68,15.84,30.20
951,726,0,-200.73,24.65,31.76
952,724,2,-208.73,38.68,25.85
953,722,2,-211.08,43.84,20.01
954,720,2,-211.35,50.92,19.58
955,718,2,-212.51,54.32,23.11
956,716,2,-215.01,58.37,28.74
957,714,2,-218.19,62.39,35.59
958,712,2,-222.34,65.69,37.35
959,710,2,-225.23,67.15,33.67
960,708,2,-226.61,67.07,30.78
961,706,2,-228.51,64.92,31.23
962,704,2,-230.79,59.98,32.46
963,702,2,-234.88,62.19,32.82
964,700,2,-239.25,61.36,31.98
965,698,2,-243.01,50.63,27.42
966,696,2,-245.03,38.32,16.93
967,694,2,-244.72,35.29,12.30
968,692,2,-243.21,34.74,11.83
969,690,0,-241.27,33.22,5.88
970,688,0,-239.67,29.42,17.21
971,686,0,-242.22,30.33,29.64
972,684,0,-246.67,29.48,36.84
973,682,0,-251.74,28.43,40.09
974,680,0,-258.30,31.75,38.16
975,678,0,-260.48,35.81,31.75
976,676,0,-261.51,37.70,26.74
977,674,0,-262.56,36.30,25.47
978,672,0,-264.65,32.85,25.69
979,670,0,-267.72,24.11,27.36
980,668,0,-270.82,23.13,29.41
981,666,0,-274.28,22.03,28.49
982,664,0,-276.70,11.83,24.34
983,662,0,-278.08,5.33,20.21
984,660,0,-278.68,32.83,20.42
985,658,0,-279.89,24.40,26.83
986,656,0,-282.69,30.66,34.92
987,654,0,-288.31,24.55,36.60
988,652,0,-293.40,18.23,28.08
989,650,0,-294.61,13.23,15.75
990,648,0,-291.75,21.74,15.85
991,646,0,-294.46,17.85,24.68
992,644,0,-297.86,6.49,31.75
993,642,0,-301.95,7.00,34.65
994,640,0,-306.03,21.40,33.76
995,638,0,-310.11,32.97,30.71
996,636,0,-313.14,32.64,29.40
997,634,0,-315.11,26.94,30.82
998,632,0,-317.89,33.39,32.32
999,630,0,-320.47,46.40,33.28
1000,628,0,-323.78,37.68,34.49
1001,626,0,-328.11,6.56,34.30
1002,624,0,-332.46,13.03,30.86
1003,622,0,-335.35,23.22,24.54
1004,620,0,-336.88,39.12,19.88
1005,618,0,-338.72,43.17,19.19
1006,616,0,-340.45,36.86,21.85
1007,614,0,-341.98,19.76,27.10
1008,612,0,-344.52,57.19,31.00
1009,610,0,-347.92,63.05,30.22
1010,608,0,-351.14,42.43,26.51
1011,606,0,-353.83,48.64,24.99
1012,604,0,-356.01,54.75,28.24
1013,602,0,-358.05,40.83,32.11
1014,600,0,-360.09,23.90,33.25
1015,598,0,-363.77,45.45,32.05
1016,596,0,-367.85,47.38,28.06
1017,594,0,-370.22,47.13,22.96
1018,592,0,-370.94,40.54,21.71
1019,590,0,-371.00,11.74,26.12
1020,588,0,-374.22,14.52,31.96
1021,586,0,-378.26,16.94,35.01
1022,584,0,-382.35,14.77,35.06
1023,582,0,-385.94,25.49,33.51
1024,580,0,-389.51,17.89,31.54
1025,578,0,-392.07,19.14,30.08
1026,576,0,-395.13,27.67,28.26
1027,574,0,-398.13,29.09,24.56
1028,572,0,-400.21,38.46,20.32
1029,570,2,-404.14,51.14,14.97
1030,568,4,-406.80,49.06,14.96
1031,566,4,-406.89,18.40,16.67
1032,564,4,-407.38,22.75,19.88
1033,562,4,-409.83,33.25,22.83
1034,560,4,-412.31,39.99,25.17
1035,558,4,-414.95,42.93,28.42
1036,556,4,-417.92,32.67,31.59
1037,554,4,-420.91,7.67,32.67
1038,552,4,-424.06,8.88,32.90
1039,550,4,-427.40,9.45,33.73
1040,548,4,-430.76,26.69,33.51
1041,546,4,-434.16,31.64,31.62
1042,544,4,-437.22,26.39,30.31
1043,542,2,-438.78,23.70,32.29
1044,540,2,-441.82,22.37,32.40
1045,538,2,-444.86,18.83,29.53
1046,536,2,-447.69,27.59,25.80
1047,534,2,-449.79,36.14,23.50
1048,532,2,-451.59,42.86,23.03
1049,530,2,-453.16,44.12,23.58
1050,528,2,-454.26,45.23,24.86
1051,526,2,-455.86,51.27,26.71
1052,524,2,-457.37,48.43,30.19
1053,522,2,-460.49,22.52,35.16
1054,520,2,-464.73,31.30,38.69
1055,518,2,-469.72,37.33,39.07
1056,516,2,-474.60,37.11,35.51
1057,514,2,-478.12,33.69,29.78
1058,512,2,-479.47,21.26,29.69
1059,510,2,-481.68,12.47,36.85
1060,508,2,-486.97,25.92,41.56
1061,506,2,-493.73,35.40,36.55
1062,504,2,-495.38,37.56,26.22
1063,502,2,-495.77,31.68,23.75
1064,500,2,-497.60,20.89,28.89
1065,498,2,-500.54,21.79,31.15
1066,496,2,-503.66,24.78,28.36
1067,494,2,-506.32,10.50,24.94
1068,492,2,-508.42,16.23,24.32
1069,490,2,-510.93,20.40,25.33
1070,488,4,-515.10,30.43,28.31
1071,486,4,-517.63,25.51,29.82
1072,484,4,-520.27,17.81,30.02
1073,482,4,-522.72,17.99,30.03
1074,480,4,-524.78,18.52,31.39
1075,478,4,-527.31,22.55,34.21
1076,476,4,-531.07,26.09,36.44
1077,474,4,-534.77,26.50,36.80
1078,472,4,-538.65,30.19,35.38
1079,470,4,-541.73,37.66,32.48
1080,468,4,-544.27,44.32,29.32
1081,466,4,-546.72,45.24,27.32
1082,464,4,-549.11,37.55,26.60
1083,462,4,-551.34,30.18,26.21
1084,460,4,-553.87,24.65,26.29
1085,458,4,-555.98,28.96,26.83
1086,456,4,-557.10,18.18,26.83
1087,454,4,-558.31,32.57,26.36
1088,452,4,-559.81,48.12,26.52
1089,450,4,-561.57,53.64,27.67
1090,448,4,-563.50,69.04,29.23
1091,446,4,-565.23,74.69,30.77
1092,444,4,-566.78,74.64,32.46
1093,442,4,-568.93,70.92,33.95
1094,440,4,-572.07,61.11,34.30
1095,438,4,-574.80,49.50,33.80
1096,436,4,-577.30,59.59,33.71
1097,434,4,-580.31,62.50,34.26
1098,432,4,-583.79,56.83,34.46
1099,430,4,-587.27,51.73,33.83
1100,428,4,-590.51,49.29,32.53
1101,426,4,-593.27,54.91,31.28
1102,424,4,-595.82,60.80,30.91
1103,422,4,-598.69,64.49,31.25
1104,420,4,-601.43,61.79,31.74
1105,418,4,-603.98,56.64,31.89
1106,416,4,-606.25,52.28,31.29
1107,414,4,-608.68,56.87,29.92
1108,412,4,-610.86,62.09,28.49
1109,410,4,-612.83,61.32,27.59
1110,408,4,-614.85,57.25,26.74
1111,406,4,-616.81,52.37,25.65
1112,404,4,-618.42,49.03,25.57
1113,402,4,-620.46,48.15,26.82
1114,400,4,-622.59,51.40,28.39
1115,398,4,-625.01,54.77,30.28
1116,396,4,-627.18,52.69,32.80
1117,394,4,-629.78,45.89,34.58
1118,392,4,-632.72,36.78,34.67
1119,390,4,-635.39,36.47,34.30
1120,388,4,-637.94,51.09,34.42
1121,386,4,-640.91,61.78,34.54
1122,384,4,-643.97,59.48,33.91
1123,382,4,-646.93,44.69,32.91
1124,380,4,-650.00,30.27,32.11
1125,378,4,-653.01,42.48,31.47
1126,376,4,-655.58,48.02,31.52
1127,374,4,-658.28,42.73,32.55
1128,372,4,-661.28,29.15,33.71
1129,370,4,-664.00,24.61,34.38
1130,368,4,-667.06,19.77,34.37
1131,366,4,-669.91,21.84,32.97
1132,364,4,-671.95,32.05,30.56
1133,362,4,-673.86,42.72,28.91
1134,360,4,-675.64,49.15,29.77
1135,358,4,-678.40,52.43,33.30
1136,356,4,-682.19,55.00,36.64
1137,354,4,-686.65,56.34,37.07
1138,352,4,-690.73,60.27,34.56
1139,350,4,-694.17,64.17,31.05
1140,348,4,-696.73,64.52,27.96
1141,346,4,-698.21,61.28,26.05
1142,344,4,-700.08,54.58,25.88
1143,342,4,-702.16,46.01,27.88
1144,340,4,-704.74,30.96,30.76
1145,338,4,-707.60,20.05,32.45
1146,336,4,-710.19,24.42,31.88
1147,334,4,-712.47,33.88,28.79
1148,332,4,-713.77,39.88,27.42
1149,330,4,-715.01,44.36,30.22
1150,328,4,-716.94,47.48,33.94
1151,326,4,-719.96,46.38,34.93
1152,324,4,-723.09,36.43,32.37
1153,322,6,-729.60,32.94,24.75
1154,320,8,-733.05,43.14,25.82
1155,320,10,-734.97,47.01,29.72
1156,320,12,-739.09,43.69,32.83
1157,320,14,-744.49,21.51,33.96
1158,320,16,-749.78,18.28,33.80
1159,320,18,-755.08,49.45,31.78
1160,320,20,-756.74,59.45,29.75
1161,320,22,-757.98,56.89,31.54
1162,318,24,-766.51,52.18,34.10
1163,318,26,-768.71,39.82,34.36
1164,318,28,-774.27,32.32,34.23
1165,318,30,-779.63,7.53,31.65
1166,318,32,-781.51,19.22,27.88
1167,318,34,-781.86,38.27,24.83
1168,318,36,-786.46,58.23,22.60
1169,318,38,-782.74,66.88,21.92
1170,318,40,-787.25,65.61,30.75
1171,318,42,-796.60,37.52,38.38
1172,318,44,-804.91,53.09,34.31
1173,318,46,-805.24,32.40,25.77
1174,318,48,-805.58,6.46,23.29
1175,318,50,-811.03,30.37,28.44
1176,318,52,-816.46,29.91,32.41
1177,318,54,-820.76,19.81,33.04
1178,318,56,-823.61,16.18,31.22
1179,318,58,-826.29,6.42,28.75
1180,318,60,-829.29,22.31,25.45
1181,318,62,-829.59,30.72,21.89
1182,318,64,-829.51,23.40,21.77
1183,318,66,-834.90,42.99,26.46
1184,318,68,-837.89,34.68,31.00
1185,318,70,-841.06,27.34,32.94
1186,318,72,-847.13,25.42,32.77
1187,318,74,-849.00,13.59,34.17
1188,318,76,-852.74,21.75,34.06
1189,318,78,-856.38,45.64,30.94
1190,318,80,-858.39,62.78,29.55
1191,318,82,-862.69,58.87,29.65
1192,318,84,-866.41,34.17,29.03
1193,318,86,-870.69,50.63,27.31
1194,318,88,-873.81,61.88,24.27
1195,318,90,-874.12,56.91,23.18
1196,318,92,-877.67,38.96,26.63
1197,318,94,-880.58,15.47,32.62
1198,318,96,-886.34,33.57,37.09
1199,318,98,-893.76,35.89,35.72
1200,318,100,-894.76,27.18,31.52
1201,318,102,-898.53,17.88,29.92
1202,318,104,-902.36,17.45,29.54
1203,318,106,-904.83,24.95,29.91
1204,318,108,-908.22,32.50,31.10
1205,318,110,-912.11,34.29,31.23
1206,318,112,-915.37,16.99,29.47
1207,318,114,-917.20,15.40,28.03
1208,316,116,-918.26,13.59,30.82
1209,316,118,-920.34,23.63,35.50
1210,316,120,-924.36,34.16,35.82
1211,316,122,-931.36,14.51,31.37
1212,316,124,-934.59,22.95,26.38
1213,316,126,-935.43,38.98,28.38
1214,316,128,-940.98,33.00,31.91
1215,316,130,-944.96,19.68,32.99
1216,316,132,-946.37,31.21,33.90
1217,316,134,-948.33,23.56,34.64
1218,316,136,-950.65,39.35,35.69
1219,316,138,-956.76,38.04,35.49
1220,316,140,-958.67,22.81,34.99
1221,314,142,-961.39,36.18,37.16
1222,314,144,-967.94,41.95,37.94
1223,314,146,-971.03,28.17,36.18
1224,314,148,-973.66,26.91,36.16
1225,314,150,-975.13,27.16,37.03
1226,314,152,-978.73,14.77,36.21
1227,314,154,-984.86,21.50,33.04
1228,314,156,-988.19,24.53,30.64
1229,314,158,-989.14,25.56,31.87
1230,314,160,-990.37,49.73,33.50
1231,314,162,-996.25,49.78,32.87
1232,314,164,-999.03,29.39,29.28
1233,312,166,-1002.05,31.81,31.40
1234,312,168,-1009.22,45.67,31.36
1235,312,170,-1012.99,47.10,23.79
1236,312,172,-1012.24,46.09,17.74
1237,312,174,-1015.24,31.97,21.67
1238,312,176,-1017.90,23.00,29.25
1239,312,178,-1021.65,37.21,32.55
1240,312,180,-1027.34,38.27,32.22
1241,312,182,-1029.75,39.52,31.73
1242,312,184,-1032.44,27.10,29.92
1243,310,186,-1036.59,18.21,24.72
1244,308,188,-1041.45,30.03,25.38
1245,308,190,-1044.23,36.07,25.53
1246,308,192,-1045.61,29.43,25.94
1247,308,194,-1048.48,28.92,28.63
1248,308,196,-1055.86,23.85,31.94
1249,308,198,-1060.87,34.53,35.45
1250,308,200,-1062.84,40.24,39.19
1251,308,202,-1066.20,43.47,39.13
1252,308,204,-1069.86,56.19,36.34
1253,308,206,-1073.50,60.33,33.21
1254,308,208,-1077.69,52.85,30.73
1255,306,210,-1081.04,52.04,27.68
1256,304,212,-1084.27,31.91,28.98
1257,302,214,-1092.24,53.75,32.56
1258,302,216,-1094.29,39.76,31.66
1259,302,218,-1095.88,25.22,30.58
1260,300,220,-1098.39,15.76,27.39
1261,300,222,-1102.81,20.25,29.30
1262,300,224,-1107.49,55.09,27.06
1263,300,226,-1106.23,64.80,24.54
1264,300,228,-1104.17,52.98,23.94
1265,302,230,-1105.02,10.61,21.84
1266,304,232,-1109.23,12.87,25.02
1267,306,234,-1110.41,43.61,25.95
1268,308,236,-1110.72,61.00,27.69
1269,308,238,-1112.24,63.18,31.74
1270,308,240,-1114.18,46.51,33.84
1271,310,242,-1114.50,15.87,36.33
1272,312,244,-1114.90,7.72,37.56
1273,314,246,-1109.34,42.49,27.34
1274,316,248,-1111.78,44.60,23.16
1275,318,250,-1111.81,28.10,30.26
1276,320,252,-1109.83,35.99,25.86
1277,322,254,-1114.06,37.77,19.65
1278,324,256,-1116.08,32.93,24.59
1279,326,258,-1112.19,27.90,31.92
1280,328,260,-1108.83,39.99,29.35
1281,328,262,-1114.19,41.45,34.96
1282,330,264,-1117.94,21.09,33.32
1283,330,266,-1117.25,20.75,31.40
1284,330,268,-1124.75,21.21,30.20
1285,330,270,-1127.88,37.12,29.35
1286,330,272,-1129.22,45.04,30.79
1287,330,274,-1127.24,36.40,31.69
1288,330,276,-1129.84,42.05,32.65
1289,332,278,-1128.27,29.15,24.44
1290,332,280,-1132.79,29.94,27.42
1291,334,282,-1130.17,47.46,30.42
1292,336,284,-1128.94,46.78,29.95
1293,336,286,-1133.22,11.32,31.65
1294,336,288,-1137.55,18.14,32.78
1295,336,290,-1144.35,24.57,32.80
1296,336,292,-1146.68,39.96,31.96
1297,336,294,-1149.97,38.94,31.00
1298,336,296,-1150.76,46.50,31.97
1299,336,298,-1148.22,44.11,34.70
1300,336,300,-1153.90,26.78,37.04
1301,336,302,-1159.51,42.33,36.90
1302,336,304,-1163.49,58.15,35.48
1303,336,306,-1167.00,55.91,34.13
1304,336,308,-1170.30,29.06,33.04
1305,336,310,-1171.62,43.74,32.79
1306,336,312,-1172.89,31.46,32.01
1307,336,314,-1174.96,21.92,30.37
1308,336,316,-1177.31,6.70,29.95
1309,336,318,-1178.63,17.13,32.63
1310,336,320,-1179.99,10.54,36.01
1311,336,322,-1181.39,38.32,37.43
1312,336,324,-1185.01,49.29,35.86
1313,336,326,-1188.39,39.98,30.40
1314,338,328,-1181.61,27.86,19.28
1315,340,330,-1181.25,18.19,11.06
1316,342,332,-1179.58,16.23,14.90
1317,340,334,-1183.14,22.91,20.73
1318,340,336,-1185.94,50.75,24.38
1319,342,338,-1181.87,43.21,24.72
1320,342,340,-1183.17,32.58,29.97
1321,344,342,-1184.58,47.69,30.39
1322,346,344,-1186.22,52.59,31.15
1323,346,346,-1190.41,47.40,31.32
1324,346,348,-1193.84,20.12,31.02
1325,348,350,-1193.94,64.40,30.15
1326,350,352,-1191.92,35.08,32.01
1327,352,354,-1189.50,65.96,33.18
1328,354,356,-1189.72,52.58,30.98
1329,356,358,-1188.45,26.43,29.29
1330,356,360,-1190.53,22.73,29.80
1331,356,362,-1192.20,59.08,28.84
1332,356,364,-1195.10,31.45,28.66
1333,356,366,-1200.67,54.60,28.56
1334,356,368,-1203.63,57.55,28.77
1335,358,370,-1199.80,41.76,27.95
1336,358,372,-1204.42,57.42,28.74
1337,360,374,-1203.57,31.60,28.97
1338,362,376,-1202.60,24.47,31.95
1339,364,378,-1201.43,13.28,36.77
1340,366,378,-1196.53,12.37,36.22
1341,368,378,-1192.18,26.03,29.28
1342,370,378,-1191.02,27.32,19.42
1343,372,378,-1190.59,22.63,15.73
1344,374,380,-1189.57,21.16,14.37
1345,376,382,-1189.81,14.33,16.67
1346,378,384,-1185.72,35.09,24.70
1347,378,386,-1188.48,25.17,27.84
1348,380,388,-1189.71,24.56,30.95
1349,380,390,-1189.20,14.30,28.00
1350,382,392,-1185.57,65.84,19.90
1351,382,394,-1186.55,66.65,23.46
1352,384,396,-1185.67,25.65,30.39
1353,386,396,-1182.73,36.58,31.36
1354,388,398,-1177.62,54.74,26.20
1355,390,398,-1178.45,50.52,20.56
1356,392,398,-1178.34,49.86,21.31
1357,394,400,-1180.26,61.02,26.86
1358,396,400,-1177.20,49.85,27.19
1359,398,402,-1173.69,18.19,26.69
1360,400,404,-1170.16,30.93,30.57
1361,402,404,-1167.56,38.73,28.58
1362,404,406,-1166.84,40.96,22.07
1363,406,408,-1163.83,56.24,22.46
1364,408,408,-1161.98,56.69,28.10
1365,410,408,-1158.63,54.69,31.58
1366,412,408,-1154.57,56.57,26.36
1367,414,408,-1152.76,57.57,13.53
1368,414,410,-1155.35,45.49,21.92
1369,416,412,-1154.15,37.10,32.07
1370,418,414,-1153.50,38.65,34.69
1371,420,416,-1150.50,40.52,31.07
1372,422,416,-1147.81,40.23,24.15
1373,424,416,-1147.75,41.32,24.50
1374,426,416,-1146.02,47.50,30.67
1375,428,416,-1142.35,52.35,33.36
1376,430,416,-1138.00,53.21,27.16
1377,432,416,-1136.75,54.83,20.51
1378,434,416,-1135.36,57.55,26.41
1379,436,416,-1131.60,54.74,35.02
1380,438,416,-1128.40,48.92,35.02
1381,440,416,-1125.17,44.90,29.08
1382,442,416,-1123.16,34.67,26.51
1383,444,416,-1120.78,16.19,32.71
1384,446,418,-1119.06,54.94,37.36
1385,448,420,-1117.95,52.74,33.46
1386,450,420,-1114.82,54.55,28.82
1387,452,422,-1115.03,58.71,25.31
1388,454,424,-1115.48,54.96,29.55
1389,456,426,-1106.88,45.12,34.28
1390,458,426,-1104.66,41.00,35.31
1391,460,428,-1103.21,59.60,37.03
1392,462,430,-1104.23,53.15,39.40
1393,464,432,-1105.57,21.90,40.43
1394,466,432,-1102.10,49.28,35.58
1395,468,434,-1101.46,49.65,33.64
1396,470,436,-1100.68,40.38,38.11
1397,472,436,-1096.22,39.70,36.40
1398,474,436,-1092.68,33.91,31.87
1399,476,436,-1089.12,24.76,26.64
1400,478,436,-1085.74,25.33,22.54
1401,480,438,-1086.48,27.08,22.75
1402,482,440,-1083.62,32.39,25.25
1403,484,440,-1080.29,35.35,16.93
1404,486,440,-1081.60,7.29,16.65
1405,488,440,-1080.93,25.53,27.16
1406,490,438,-1074.11,17.58,37.00
1407,492,438,-1065.85,10.54,33.35
1408,494,438,-1067.03,15.94,29.16
1409,496,438,-1066.15,11.14,28.94
1410,498,438,-1064.05,10.18,29.67
1411,500,438,-1061.28,22.33,28.47
1412,502,440,-1063.09,56.68,33.92
1413,504,440,-1058.05,65.04,34.14
1414,506,440,-1054.49,67.19,28.30
1415,508,440,-1054.67,66.34,24.15
1416,510,442,-1051.15,52.53,35.39
1417,512,442,-1046.06,47.87,34.96
1418,514,444,-1046.39,28.26,27.07
1419,516,446,-1044.85,37.52,24.75
1420,518,446,-1043.30,35.62,27.09
1421,520,446,-1039.67,37.06,34.74
1422,522,448,-1038.22,35.36,32.96
1423,524,448,-1037.42,28.44,34.00
1424,526,450,-1035.14,54.67,36.63
1425,528,450,-1029.13,59.71,36.24
1426,530,450,-1024.55,59.24,30.93
1427,532,450,-1023.38,55.46,31.97
1428,534,450,-1020.68,53.62,38.60
1429,536,450,-1016.33,55.47,39.48
1430,538,452,-1017.29,63.77,38.61
1431,540,452,-1013.08,65.79,34.23
1432,542,452,-1009.92,67.59,28.62
1433,544,454,-1006.69,28.18,27.97
1434,546,454,-1006.38,28.61,24.46
1435,548,452,-1002.83,63.55,25.32
1436,550,452,-999.94,41.73,30.82
1437,552,452,-996.65,13.21,32.60
1438,554,452,-994.43,39.40,27.92
1439,556,454,-992.72,59.32,19.86
1440,558,456,-989.25,16.60,14.64
